{
	"partitions" : [
		{
			"name" : "Top",
			"pins" : [
				{
					"name" : "ESPERA",
					"strict" : false
				},
				{
					"name" : "CONTAR",
					"strict" : false
				},
				{
					"name" : "PARAR",
					"strict" : false
				},
				{
					"name" : "PAUSA",
					"strict" : false
				},
				{
					"name" : "display_seg[0]",
					"strict" : false
				},
				{
					"name" : "display_seg[1]",
					"strict" : false
				},
				{
					"name" : "display_seg[2]",
					"strict" : false
				},
				{
					"name" : "display_seg[3]",
					"strict" : false
				},
				{
					"name" : "display_seg[4]",
					"strict" : false
				},
				{
					"name" : "display_seg[5]",
					"strict" : false
				},
				{
					"name" : "display_seg[6]",
					"strict" : false
				},
				{
					"name" : "display_seg[7]",
					"strict" : false
				},
				{
					"name" : "display_seg[8]",
					"strict" : false
				},
				{
					"name" : "display_seg[9]",
					"strict" : false
				},
				{
					"name" : "display_dec_segs[0]",
					"strict" : false
				},
				{
					"name" : "display_dec_segs[1]",
					"strict" : false
				},
				{
					"name" : "display_dec_segs[2]",
					"strict" : false
				},
				{
					"name" : "display_dec_segs[3]",
					"strict" : false
				},
				{
					"name" : "display_dec_segs[4]",
					"strict" : false
				},
				{
					"name" : "btn_pausa",
					"strict" : false
				},
				{
					"name" : "btn_para",
					"strict" : false
				},
				{
					"name" : "btn_reset",
					"strict" : false
				},
				{
					"name" : "btn_conta",
					"strict" : false
				},
				{
					"name" : "clock",
					"strict" : false
				}
			]
		}
	]
}